SET search_path TO polideportivo;

INSERT INTO usuario(nombre,primer_apellido,segundo_apellido,correo,rol) VALUES
('Alexander','Salazar','Rojas','alexsr@gmail.com','ADMINISTRADOR'),
('Bryan','Hernandez','Gutierrez','bryanhg@gmail.com','ADMINISTRADOR'),
('Tzu Rue','Hsu','Fu','tzuruehf@gmail.com','ADMINISTRADOR'),
('Jose','Reyes','Lopez','joserl@gmail.com','CLIENTE'),
('Maria','Jimenez','Porras','mariajp@gmail.com','CLIENTE'),
('Mario','Rojas','Segura','mariors@gmail.com','CLIENTE'),
('Andrey','Jimenez','Nuñez','andreyjn@gmail.com','CLIENTE'),
('Walter','Flores','Duran','walterfd@gmail.com','CLIENTE'),
('Keylor','Muñoz','Garro','keylormg@gmail.com','CLIENTE'),
('Pablo','Segura','Lopez','pablosl@gmail.com','CLIENTE'),
('Andrea','Porras','Espinoza','andreape@gmail.com','CLIENTE'),
('Erika','Gonzalez','Fallas','erikagf@gmail.com','CLIENTE'),
('Martin','Ruiz','Costa','martinrc@gmail.com','CLIENTE'),
('Ignacio','Badilla','Lopez','ignaciobl@gmail.com','CLIENTE'),
('Monica','Martinez','Solano','monicams@gmail.com','CLIENTE'),
('Sofia','Herrera','Cortez','sofiahc@gmail.com','CLIENTE'),
('Fabiola','Mendez','Rojas','fabiolamr@gmail.com','CLIENTE'),
('Alonso','Quesada','Viquez','alonsoqv@gmail.com','CLIENTE'),
('Cristian','Fallas','Segura','cristianfs@gmail.com','CLIENTE'),
('Rodrigo','Peñas','Cespedez','rodrigopc@gmail.com','CLIENTE'),
('Talia','Umaña','Diaz','taliahd@gmail.com','CLIENTE');

INSERT INTO disciplina(nombre,descripcion) VALUES
('Futbol 5','Futbol en equipos de 5 con canchas cortas de zacate sintetico'),
('Futbol 11','Futbol en equipos de 11 con canchas grandes de zacate natural'),
('Futbol Sala','Futbol en equipos de 5 con cancha corta de cemento'),
('Tenis','Deporte con raquetas en cancha de cemento'),
('Baloncesto','Deporte con tableros y aros en cancha de cemento'),
('Voleibol','Deporte con ned en cancha bajo techo'),
('Voleibol de Playa','Deporte con ned en cancha de arena'),
('Ping Pong','Tenis de mesa con raquetas'),
('Beisbol','Deporte con bate en cancha grande'),
('Natacion','Deporte en piscina olimpica'),
('Atletismo','Carreras y pruebas en pista'),
('Mini Golf','Golf en mini circuitos de varios hoyos con obstaculos'),
('Escalada','Deporte en muro de escalada'),
('Artes Marciales','Practicas como karate, judo o taekwondo'),
('Boxeo','Deporte de combate en ring');

INSERT INTO espacio(nombre,descripcion,id_disciplina,capacidad,hora_apertura,hora_cierre,precio_hora) VALUES
('Cancha Futbol 5 #1','Cancha sintetica para futbol 5',1,10,'08:00','22:00',15000),
('Cancha Futbol 5 #2','Cancha sintetica para futbol 5',1,10,'08:00','22:00',15000),
('Cancha Futbol 5 #3','Cancha sintetica para futbol 5',1,10,'08:00','22:00',15000),
('Cancha Futbol 5 #4','Cancha sintetica para futbol 5',1,10,'08:00','22:00',15000),

('Cancha Futbol 11 #1','Cancha natural para futbol 11',2,22,'08:00','20:00',28000),
('Cancha Futbol 11 #2','Cancha natural para futbol 11',2,22,'08:00','20:00',28000),
('Cancha Futbol 11 #3','Cancha natural para futbol 11',2,22,'08:00','20:00',28000),
('Cancha Futbol 11 #4','Cancha natural para futbol 11',2,22,'08:00','20:00',28000),

('Futbol Sala #1','Cancha de cemento para futbol sala',3,10,'08:00','22:00',15000),
('Futbol Sala #2','Cancha de cemento para futbol sala',3,10,'08:00','22:00',15000),
('Futbol Sala #3','Cancha de cemento para futbol sala',3,10,'08:00','22:00',15000),
('Futbol Sala #4','Cancha de cemento para futbol sala',3,10,'08:00','22:00',15000),

('Tenis #1','Cancha de tenis',4,4,'09:00','21:00',10000),
('Tenis #2','Cancha de tenis',4,4,'09:00','21:00',10000),
('Tenis #3','Cancha de tenis',4,4,'09:00','21:00',10000),

('Baloncesto #1','Cancha de baloncesto',5,10,'08:00','22:00',11000),
('Baloncesto #2','Cancha de baloncesto',5,10,'08:00','22:00',11000),
('Baloncesto #3','Cancha de baloncesto',5,10,'08:00','22:00',11000),

('Voleibol #1','Cancha de voleibol bajo techo',6,12,'08:00','22:00',13000),
('Voleibol #2','Cancha de voleibol bajo techo',6,12,'08:00','22:00',13000),
('Voleibol #3','Cancha de voleibol bajo techo',6,12,'08:00','22:00',13000),

('Voleibol Playa #1','Cancha de voleibol de playa',7,12,'08:00','20:00',14000),
('Voleibol Playa #2','Cancha de voleibol de playa',7,12,'08:00','20:00',14000),

('Mesa Ping Pong #1','Mesa de ping pong',8,4,'08:00','22:00',2500),
('Mesa Ping Pong #2','Mesa de ping pong',8,4,'08:00','22:00',2500),
('Mesa Ping Pong #3','Mesa de ping pong',8,4,'08:00','22:00',2500),
('Mesa Ping Pong #4','Mesa de ping pong',8,4,'08:00','22:00',2500),
('Mesa Ping Pong #5','Mesa de ping pong',8,4,'08:00','22:00',2500),
('Mesa Ping Pong #6','Mesa de ping pong',8,4,'08:00','22:00',2500),
('Mesa Ping Pong #7','Mesa de ping pong',8,4,'08:00','22:00',2500),
('Mesa Ping Pong #8','Mesa de ping pong',8,4,'08:00','22:00',2500),

('Beisbol #1','Campo de beisbol',9,24,'08:00','18:00',25000),

('Piscina Olimpica #1','Piscina olimpica',10,15,'06:00','20:00',12000),
('Piscina Olimpica #2','Piscina olimpica',10,15,'06:00','20:00',12000),

('Atletismo #1','Pista de atletismo',11,25,'06:00','20:00',15000),
('Atletismo #2','Pista de atletismo',11,25,'06:00','20:00',15000),

('Mini Golf #1','Circuito de mini golf',12,10,'09:00','21:00',7500),
('Mini Golf #2','Circuito de mini golf',12,10,'09:00','21:00',7500),
('Mini Golf #3','Circuito de mini golf',12,10,'09:00','21:00',7500),

('Muro Escalada #1','Muro de escalada',13,4,'09:00','21:00',9000),
('Muro Escalada #2','Muro de escalada',13,4,'09:00','21:00',9000),

('Artes Marciales #1','Sala de artes marciales',14,15,'08:00','21:00',10000),
('Artes Marciales #2','Sala de artes marciales',14,15,'08:00','21:00',10000),

('Boxeo #1','Ring de boxeo',15,8,'08:00','21:00',10000),
('Boxeo #2','Ring de boxeo',15,8,'08:00','21:00',10000);

INSERT INTO equipamiento(nombre,cantidad_total,id_disciplina) VALUES
('Balon Futbol 5',20,1),
('Chalecos Futbol 5',50,1),
('Balon Futbol 11',16,2),
('Chalecos Futbol 11',100,1),
('Balon Futbol Sala',12,3),
('Chalecos Futbol Sala',50,1),
('Raqueta Tenis',20,4),
('Pelotas Tenis',30,4),
('Balon Baloncesto',12,5),
('Balon Voleibol',12,6),
('Balon Voleibol Playa',8,7),
('Raqueta Ping Pong',32,8),
('Pelotas Ping Pong',100,8),
('Bates Beisbol',20,9),
('Pelotas Beisbol',50,9),
('Guantes Beisbol',25,9),
('Tablas Natacion',20,10),
('Conos Entrenamiento',50,11),
('Palos Mini Golf',30,12),
('Pelotas Mini Golf',50,12),
('Guantes Entrenamiento',30,14),
('Guantes Boxeo',20,15),
('Vendas Boxeo',30,15);

INSERT INTO reserva(id_usuario,id_espacio,cantidad_personas,fecha_reserva,hora_inicio,hora_fin,estado,monto_total) VALUES
(4,1,10,'2026-04-20','18:00','19:00','FINALIZADA',15000),
(5,2,10,'2026-04-21','19:00','20:00','FINALIZADA',15000),
(6,5,22,'2026-04-22','16:00','18:00','FINALIZADA',56000),
(7,9,10,'2026-04-23','20:00','21:00','FINALIZADA',15000),
(8,13,4,'2026-04-24','10:00','11:00','FINALIZADA',10000),
(9,16,10,'2026-06-10','18:00','19:00','CONFIRMADA',11000),
(10,19,12,'2026-06-11','17:00','18:00','CONFIRMADA',13000),
(11,25,4,'2026-06-12','09:00','10:00','CONFIRMADA',2500),
(12,26,4,'2026-06-13','10:00','11:00','CONFIRMADA',2500),
(13,31,15,'2026-06-14','07:00','08:00','CANCELADA',12000),
(14,3,10,'2026-06-15','18:00','19:00','CONFIRMADA',15000),
(15,4,10,'2026-06-15','19:00','20:00','PENDIENTE',15000),
(16,6,22,'2026-06-16','16:00','18:00','CONFIRMADA',56000),
(17,7,22,'2026-06-16','18:00','20:00','CONFIRMADA',56000),
(18,10,10,'2026-06-17','20:00','21:00','CONFIRMADA',15000),
(19,11,10,'2026-06-17','21:00','22:00','PENDIENTE',15000),
(20,14,4,'2026-06-18','09:00','10:00','PENDIENTE',10000),
(21,15,4,'2026-06-18','10:00','11:00','CONFIRMADA',10000),
(4,27,24,'2026-06-19','08:00','10:00','PENDIENTE',50000),
(5,32,25,'2026-06-20','06:00','08:00','PENDIENTE',30000);

INSERT INTO reserva_equipamiento(id_reserva,id_equipamiento,cantidad) VALUES
(1,1,2),
(1,2,10),
(2,1,2),
(2,2,10),
(3,3,2),
(3,4,15),
(4,5,2),
(4,6,10),
(5,7,2),
(5,8,6),
(6,9,2),
(7,10,2),
(8,12,4),
(8,13,10),
(9,12,2),
(9,13,6),
(11,1,2),
(11,2,10),
(12,1,2),
(12,2,10),
(13,3,2),
(13,4,20),
(14,3,2),
(14,4,20),
(15,5,2),
(15,6,10),
(16,5,2),
(16,6,10),
(17,7,2),
(17,8,6),
(18,7,2),
(18,8,6),
(19,14,4),
(19,15,10),
(19,16,9),
(20,18,10);

INSERT INTO pago(id_reserva,monto,metodo_pago,estado_pago) VALUES
(1,15000,'SINPE','APROBADO'),
(2,15000,'TARJETA','APROBADO'),
(3,56000,'SINPE','APROBADO'),
(4,15000,'EFECTIVO','APROBADO'),
(5,10000,'TARJETA','APROBADO'),
(6,11000,'SINPE','APROBADO'),
(7,13000,'TARJETA','PENDIENTE'),
(8,2500,'EFECTIVO','APROBADO'),
(9,2500,'SINPE','PENDIENTE'),
(11,15000,'SINPE','APROBADO'),
(13,56000,'TARJETA','APROBADO'),
(15,15000,'EFECTIVO','APROBADO'),
(17,10000,'SINPE','APROBADO'),
(19,50000,'TARJETA','APROBADO');